question,answer
Siapa sajakah yang masuk dalam Anggota Keluarga?,"Anggota Keluarga adalah istrisuami yang sah, anak kandung, anak tiri dari perkawinan yang sah, dan anak angkat yang sah"
Berapa besaran iuran PBI?,Iuran dibayarkan oleh pemerintah sebesar Rp. 42.000.00orangbulan
Brapa besaran iuran Peserta PBPU/Mandiri/Perseorangan?,Iuran dibayarkan oleh yang bersangkutanpihak lain atas nama peserta dengan besaran iuran antara lain Kelas I sebesar Rp. 150.000 orangbulan Kelas II sebesar Rp. 100.000 orangbulan Kelas III sebesar Rp. 42.000 orangbulan
Cara Perubahan Data Melalui Aplikasi Mobile JKN?,"1. Lakukan Sign In ke dalam Aplikasi Mobile JKN. 2. Pilih menu ubah data peserta 3. Pilih Data yang akan diubah 4. Lakukan Perubahan Data 5. Setelah melakukan perubahan data sesuai kebutuhan, BapakIbu klik Simpan lalu masukkan kode verifikasi yang telah dikirimkan ke nomor handphone BapakIbu."
Bagaimana Jika Kartu Peserta Hilang?,Jika kartu peserta hilang maka dapat melakukan pencetakan kartu menggunakan aplikasi Mobile JKN pada menu kartu peserta atau menggunakan nomor NIK Kartu Tanda PendudukKartu Identitas AnakKartu Keluarga jika membutuhkan pelayanan kesehatan di Fasilitas Kesehatan tingkat pertama atau Rumah Sakit
Apa itu Aplikasi Mobile JKN?,"Aplikasi Mobile JKN merupakan inovasi untuk kemudahan calon peserta atau peserta JKN-KIS, dengan memanfaatkan teknologi informasi yang dapat diunduh melalui aplikasi Mobile JKN di Google Playstore atau Apps Store. I. 5 Kemudahan menggunakan Aplikasi Mobile JKN a. Kemudahan mendaftar dan mengubah data kepesertaan. b. Kemudahan mengetahui informasi data peserta dan keluarga. c. Kemudahan mengetahui informasi tagihan dan pembayaran iuran. d. Kemudahan mendapatkan pelayanan di Faskes. e. Kemudahan"
Siapa saja anggota yang ditanggung oleh Pekerja Penerima Upah?,"Anggota keluarga meliputi istrisuami yang sah, anak kandung, anak tiri dari perkawinan yang sah, dan anak angkat yang sah, sebanyak-banyaknya 5 orang. Anak kandung, anak tiri dari perkawinan yang sah, dan anak angkat yang sah dengan kriteria a. Tidak atau belum pernah menikah atau tidak mempunyai penghasilan sendiri dan b. Belum berusia 21 tahun atau belum berusia 25 tahun yang masih melanjutkan pendidikan formal. Anggota keluarga lain meliputi anak ke 4 dan seterusnya, ayah, ibu, dan mertua."
Apa Hak Peserta,"Anggota keluarga meliputi istrisuami yang sah, anak kandung, anak tiri dari perkawinan yang sah, dan anak angkat yang sah, sebanyak-banyaknya 5 orang. Anak kandung, anak tiri dari perkawinan yang sah, dan anak angkat yang sah dengan kriteria a. Tidak atau belum pernah menikah atau tidak mempunyai penghasilan sendiri dan b. Belum berusia 21 tahun atau belum berusia 25 tahun yang masih melanjutkan pendidikan formal. Anggota keluarga lain meliputi anak ke 4 dan seterusnya, ayah, ibu, dan mertua."
Apakah yang dimaksud Kartu Indonesia Sehat,"1. Mendapatkan kartu identitas peserta sebagai identitas peserta JKN-KIS untuk memperoleh pelayanan kesehatan. 2. Memperoleh manfaat dan informasi tentang hak dan kewajiban serta prosedur pelayanan kesehatan sesuai dengan ketentuan yang berlaku. 3. Mendapatkan pelayanan kesehatan di fasilitas kesehatan yang bekerja sama dengan BPJS Kesehatan. 4. Menyampaikan pengaduan, kritik dan saran secara lisan maupun tertulis kepada BPJS Kesehatan."
"Cara Melakukan Perubahan Domisili, Nomor Handphone dan Alamat Email","Perubahan domisili, nomor handphone dan alamat email diperlukan untuk kemudahan korespodensi maupun penyampaian informasi kepada peserta. Peserta melaporkan perubahan domisili, nomor handphone dan alamat email melalui kanal layanan yang disediakan oleh BPJS Kesehatan"
Syatar dan Cara Daftar Bayi Baru Lahir?,"1. Nomor JKN dan NIK Ibu Kandung 2. AsliFotocopy Surat keterangan lahir dari Dokter atau Bidan PuskesmasKlinikRumah Sakit. 3. Jika peserta belum melakukan autodebet tabungan dilengkapi dengan aFotocopy buku rekening tabungan BNI BRI, Mandiri, BNI, BTN, BCA, Bank Jateng dan Bank Panin, dapat menggunakan rekening tabungan Kepala KeluargaAnggota Keluarga dalam Kartu KeluargaPenanggung bFormulir autodebet pembayaran iuran BPJS Kesehatan bermaterai Rp 10.000,00 sepuluh ribu rupiah. 5. Melakukan perubahan data bayi selambat- lambatnya 3 tiga bulan setelah kelahiran yang meliputi nama, tanggal lahir, jenis kelamin, dan NIK. 6. Pendaftaran dilakukan melalui Rumah Sakit, fasilitas kesehatan tingkat pertama, BPJS Keliling, Mall Pelayanan Publik dan Kantor Cabang dan Kantor KabupatenKota"
Apa yang dimaksud dengan Rawat Inap Tingkat Pertama,"Yaitu pelayanan kesehatan perorangan yang bersifat non spesialistik dan dilaksanakan pada fasilitas kesehatan tingkat pertama untuk keperluan observasi, perawatan, diagnosis, pengobatan, danatau pelayanan medis lainnya, dimana peserta danatau anggota keluarganya dirawat inap paling singkat 1 satu hari"
Cara Membayar Iuran,Pembayaran iuran bagi peserta dapat dilakukan dengan tahapan sebagai berikut I. Peserta dan calon peserta PBPU Kelas I dan II wajib menggunakan fasilitas pembayaran auto debit banknon bank. II. Peserta melakukan registrasi autodebet melalui a. Kantor BPJS Kesehatan dengan mengisi form autodebit yang tersedia dengan melengkapi persyaratan pendaftaran berupa Fotocopy Kartu KeluargaKTP dan Buku Rekening b. Kanal Online seperti Mobile JKN Website BPJS Kesehatan Kanal Bank Aplikasi E-Commerce USSD III. Iuran pertama peserta akan otomatis terdebit pada periode tanggal 5 atau tanggal 20 setiap bulannya IV. Untuk kelancaran proses pendaftaran Autodebit pada Bank Pastikan Nomor Telepon yang digunakan benar atau sesuai dengan Nomoor Telepon yang digunakan saat pembukaan rekening di Bank untuk menerima Pin OTP dan pastikan memiliki saldo pulsa.
Cara Melakukan Perubahan Tambah Peserta Dan Anggota Keluarga,"Perubahan penambahan peserta dan anggota keluarga mengikuti mekanisme pendaftaran peserta baru sesuai dengan jenis kepesertaan, dengan syarat sebagai berikut 1. Kartu Keluarga 2. Buku rekening tabungan BRI, Mandiri, BNI, BTN, dan BCA dapat menggunakan rekening tabungan Kepala Keluargaanggota keluarga dalam Kartu Keluarga penanggung. 3. Formulir Autodebit pembayaran iuran BPJS Kesehatan bermaterai Rp.10.000,00 Sepuluh Ribu Rupiah"
Bagaimana Cara Daftar Menjadi Peserta Melalui Mobile JKN?,"1. Pilih menu DAFTAR 2. Pilih Pendaftaran Peserta Baru 3. Baca dan pahami dengan seksama syarat dan ketentuan pendaftaran, kemudian centang tanda Saya Setuju dan klik Selanjutnya. 4. Masukan Nomor Induk Kependudukan NIK dan kode Captcha lalu klik Cari. 5. Data BapakIbu akan muncul sesuai dengan yang terdaftar dalam Dukcapil, kemudian masukkan data, yaitu a. Alamat DomisiliSurat-Menyurat b. Fasilitas Kesehatan Tingkat Pertama FKTP yang terdekat sesuai dengan domisili c. Kelas Rawa"
Cara Mendaftar Menjadi Peserta PBI APBN,Pendaftaran dilakukan melalui pendataan oleh Kementerian SosialDinas Sosial KabupatenKota. yang selanjutnya ditetapkan melalui Keputusan Menteri Sosial dan didaftarkan oleh Kementerian Kesehatan kepada BPJS Kesehatan
Apa yang dimaksud dengan Upah atau Gaji,"Upah atau gaji adalah hak Pekerja yang diterima dan dinyatakan dalam bentuk uang sebagai imbalan dari Pemberi Kerja kepada Pekerja yang ditetapkan dan dibayar menurut suatu perjanjian kerja, kesepakatan, atau peraturan perundang-undangan, termasuk tunjangan bagi Pekerja dan keluarganya atas suatu pekerjaan danatau jasa yang telah atau akan dilakukan"
Bagaimana kebijakan pengenaan denda akibat keterlambatan iuran Jaminan Kesehatan?,"1 . Bahwa apabila dalam waktu 45 empat puluh lima hari sejak status kepesertaan aktif kembali, Peserta wajib membayar denda kepada BPJS Kesehatan untuk satu kali rawat inap tingkat lanjutan yang diperolehnya. 2. Denda tersebut dikenakan atas pelayanan kesehatan yang tagihan dendanya pertama kali dicetak. 3. Denda sebesar 5 lima persen dari perkiraan biaya paket Indonestan Case Based Groups berdasarkan diagnosa dan prosedur awal untuk setiap bulan tertunggak dengan ketentuan a. Jumlah bulan tertunggak paling banyak 12 dua belas bulan dan b. Besar denda paling tinggi Rp20.000.000,00 dua puluh juta rupiah."
Berapa besaran iuran Peserta Pekerja Penerima Upah (PPU)?,Iuran dibayarkan oleh pemberi kerja dan peserta dengan besaran iuran antara lain a. PPU Penyelenggara Negara - Pemberi kerja 4 - Pekerja atau pensiunan 1 b. PPU Non Penyelenggara Negara - Pemberi kerja 4 - Pekerja atau pensiunan 1
Bagaimana Jika Kartu Peserta Rusak?,A. Peserta dapat mengunjungi kantor BPJS Kesehatan Mobile Customer Service Mall pelayanan publik dengan ketentuan 1. Menyerahkan kartu peserta yang rusak. 2. Menunjukkan KTP atau Kartu Keluarga yang berlaku. 3. Penggantian kartu dapat dilakukan di Kantor Cabang atau Kantor KabupatenKota BPJS Kesehatan terdekat. B. Peserta dapat menggunakan Mobile JKN pada fitur Kartu Peserta sebagai pengganti kartu JKN-KIS untuk mendapatkan pelayanan di fasilitas kesehatan.
Pendaftaran Bayi Baru Lahir?,"1. Bayi baru lahir dari Peserta JKN wajib didaftarkan kepada BPJS Kesehatan paling lama 28 hari sejak dilahirkan 2. Pendaftaran bayi dapat mengaktifkan status kepesertaan untuk mendapatkan manfaat jaminan pelayanan kesehatan selama 28 hari sejak bayi dilahirkan dan masih dalam perawatan. 3. Status kepesertaan bayi baru lahir No. Kepesertaan JKN KIS harus dipastikan selambat-lambatnya 3 hari kerja sejak dirawat, atau 3 hari jika pulang rawat sebelum 3 hari 4. Iuran bagi bayi baru lahir dibayarkan oleh Peserta atau pihak lain atas nama Peserta pada saat mendaftar paling lama 28 dua puluh delapan hari sejak dilahirkan 5. Tidak mendaftar membayar iuran bayi baru lahir paling lama 28 hari sejak dilahirkan akan dikenakan kewajiban membayar iuran sejak bayi dilahirkan dan dikenakan sanksi denda pelayanan 6. Bayi yang dilahirkan bukan dari Peserta JKN, maka berlaku ketentuan pendaftaran Peserta PBPU dan BP 14 hari"
Apa yang dimaksud dengan Virtual Account (VA),Virtual Account adalah nomor rekening virtual yang disediakan oleh BPJS Kesehatan untuk entitas dan perorangan sebagai rekening tujuan dalam pembayaran iuran jaminan kesehatan
Ketentuan Penjamin Kaca Mata?,"1.Pemeriksaan Refraksi mata diberikan atas rekomendasi dari dokter di FKTP yang dapat dibantu oleh refraksionis, atau dirujuk ke spesialis Mata di FKRTL apabila memenuhi kriteria Rujukan dan atau TACC 2. Pelayanan alat bantu kaca mata pada Optik yang bekerjasama dengan BPJS Kesehatan 3. Ketentuan penjaminan kacamata yang dijamin oleh BPJS Kesehatan diberikan maksimal 1 kali dalam 2 dua tahun dengan ukuran sebagai berikut - Untuk lensa spheris, minimal 0.5 Dioptri - Untuk lensa silindris minimal 0.25 Dioptri 4. Penjaminan kacamata tidak dapat diberikan jika - tidak memenuhi indikasi medis atau sebelum 2 dua tahun sejak tanggal legalisasi kacamata - pada kasus penggantian bingkai kacamata saja - pada kasus ADD Additional Value saja, yaitu untuk mengoreksi presbiopia rabun tua atau untuk kebutuhan baca 5. Apabila sebelum 2 tahun diperlukan penggantian kacamata oleh sebab apapun perubahan ukuran, hilang, rusak dan sebab lain maka BPJS Kesehatan tidak menjamin 6. Besaran maksimal bantuan alat kesehatan kaca mata adalah sebagai berikut - PBIHak rawat kelas 3 Rp 165.000,00 - Hak rawat kelas 2 Rp 220.000,00 - Hak rawat kelas 1 Rp 330.000,00"
Bagaimana cara pendaftaran Peserta Pekerja Penerima Upah,Pekerja Penerima Upah di daftarkan oleh perusahaan atau badan atau instansi tempat dia bekerja.
Ketentuan Pelayanan Protesta Gigi/ Gigi Palsu?,"1. Pelayanan protesa gigi hanya diberikan atas rekomendasi dokter gigi pada FKTP atau dokter gigi spesialis prostodonsia pada FKRTL yang bekerja sama dengan BPJS Kesehatan. 2. Pada FKTP yang tidak memiliki dokter gigi jejaring dokter gigi, maka diprioritaskan melakukan rujukan horizontal antar FKTP. 3. Protesa gigigigi palsu dapat diberikan paling cepat 2 dua tahun sekali atas indikasi medis untuk gigi yang sama dengan total besaran maksimal Rp. 1.000.000,00. Dalam hal diperlukan pelayanan protesa gigi pada episode berbeda dalam periode 2 dua tahun maka berlaku ketentuan suplesi. Adapun besaran nilai bantuan alat kesehatan protesa gigi adalah sebagai berikut a. Full protesa gigi maksimal Rp. 1.000.000,00 Masing masing rahang maksimal Rp. 500.000,00 b. Rincian per rahang adalah - 1 - 8 gigi Rp. 250.000,- - 9 - 16 gigi Rp. 500.000,- 4. Apabila penjaminan alat protesa gigi melibatkan elemen gigi yang sudah pernah diberikan bantuan dalam kurun waktu kurang dari 2 dua tahun maka tidak dapat dijamin oleh BPJS Kesehatan 5. Apabila sebelum 2 tahun diperlukan penggantian protesa gigi oleh sebab apapun maka BPJS Kesehatan tidak menjamin"
Siapa yang dimaksud Pekerja Bukan Penerima Upah,"Pekerja Bukan Penerima Upah adalah setiap orang yang bekerja atau berusaha atas risiko sendiri, yang terdiri dari NotarisPengacaraLSM, DokterBidan Praktek Swasta, PedangangPenyedia Jasa, PetaniPeternak, Nelayan, Supir, Ojek, Montir dan pekerja lain yang mampu membayar iuran"
Cara Melakukan Perubahan Kelas Rawat,"I. Peserta PPU Syarat perubahan kelas rawat a. Kartu Keluarga b. Daftar gaji asli dari pemberi kerja c. Perubahan gajiupah yang dilakukan pada bulan berjalan, maka kelas perawatan baru akan berlaku pada bulan selanjutnya.. II. Peserta PBPUBP Syarat perubahan kelas rawat a. Perubahan kelas rawat dapat dilakukan setelah 1 satu tahun dan harus diikuti perubahan kelas rawat seluruh anggota keluarga. b. Peserta yang melakukan perubahan kelas perawatan pada bulan berjalan, maka kelas perawatan barunya berlaku pada bulan selanjutnya. c. Adapun persyaratan perubahan kelas rawat yaitu aslifotokopi Kartu Keluarga. d. Bagi peserta yang belum melakukan Autodebit rekening tabungan dilengkapi dengan 1 Fotokopi buku rekening tabungan BRI, Mandiri, BNI, BTN, dan BCA dapat menggunakan rekening tabungan Kepala Keluarga anggota keluarga dalam Kartu Keluargapenanggung. 2 Formulir Autodebit pembayaran iuran BPJS Kesehatan bermaterai Rp10.000,00 Sepuluh Ribu Rupiah."
Cara Mendaftar Menjadi Peserta PBI APBD,"Pendaftaran dilakukan melalui pendataan oleh Pemerintah Daerah, yang selanjutnya didaftarkan kepada BPJS Kesehatan sesuai dengan perjanijian kerjasama antara Pemerintah KabupatenKota dengan BPJS Kesehatan"
Cara Melakukan Perubahan Data Kependudukan,"Perubahan data kependudukan pada identitas peserta JKN-KIS yang meliputi data NIK, Nama, Tanggal Lahir dan Jenis Kelamin. Peserta melaporkan data kependudukan melalui kanal layanan yang disediakan oleh BPJS Kesehatan, dengan persyaratan a. Kartu Keluarga dan KTP b. Kartu Identitas Peserta JKN-KIS"
Siapa saja yang dimaksud Bukan Pekerja,"Bukan Pekerja adalah setiap orang yang bukan termasuk masyarakat yang didaftarkan dan iurannya dibayar oleh Pemerintah PusatDaerah, PPU serta PBPU, yang terdiri dari BP Penyelenggara Negara dan BP Non Penyelenggara Negara. 1 BP Penyelenggara Negara terdiri dari Penerima Pensiun PP Pejabat Negara, PP PNS PusatDaerah, PP TNI, PP POLRI, Veteran dan Perintis Kemerdekaan. 2 BP Non Penyelenggara Negara terdiri dari Investor, Pemberi Kerja dan BP lain yang mampu membayar iuran."
Cara Melakukan Perubahan Fasilitas Kesehatan Tingkat Pertama (FKTP),"1. Perubahan FKTP dapat dilakukan paling cepat 3 tiga bulan sejak peserta terdaftar di FKTP sebelumnya, dan mulai berlaku pada tanggal 1 satu pada bulan berikutnya. Jika perubahan FKTP dilakukan pada bulan berjalan maka peserta tetap dilayani di FKTP sebelumnya. Adapun persyaratan sebagai berikut a Kartu JKN-KIS seluruh peserta yang akan berubah FKTP. b Kartu Keluarga. 2. Penggantian FKTP dapat dilakukan dalam jangka waktu kurang dari 3 bulan bagi Peserta yang memenuhi kriteria a. Peserta pindah domisili yang dibuktikan dengan surat keterangan domisili. b. Peserta dalam penugasan dinas atau pelatihan yang dibuktikan dengan surat keterangan penugasan atau pelatihan. c. Peserta yang didaftarkan oleh pihak lain atas nama Peserta. 3. BPJS Kesehatan dapat melakukan pemindahan peserta ke FKTP lain setelah mendapatkan persetujuan dari Peserta yang bertujuan untuk pemerataan, peningakan akses, dan peningkatan mutu layanan kesehatan. 4. Untuk pemindahan peserta dari unsur Prajurit atau Anggota POLRI, BPJS Kesehatan wajib berkoordinasi dengan TNI dan POLRI. 5. Karena proses redistribusi pemindahan Peserta yang belum merata dan ingin kembali terdaftar di FKTP sebelumnya. Adapun persyaratan sebagai berikut Kartu JKN seluruh peserta yang akan berubah FKTP. Kartu Keluarga Surat keterangan domisilisurat pindah tugassurat keterangan kuliah."
Apa yang dimaksud dengan Close Payment System,"Close Payment System atau sistem pembayaran tertutup adalah mekanisme pembayaran iuran Peserta Pekerja Penerima Upah Badan Usaha PPU BU BPJS Kesehatan, yang memastikan transaksi pembayaran iuran hanya dapat dilakukan jika besaran iuran yang dibayarkan sama dengan tagihan atau kelipatannya"
Pelayanan Kesehatan yang tidak dijamin?,"1. pelayanan kesehatan yang tidak sesuai dengan ketentuan peraturan perundang-undangan 2. pelayanan kesehatan yang dilakukan di Fasilitas Kesehatan yang tidak bekerja sama dengan BPJS Kesehatan, kecuali dalam keadaan darurat 3. pelayanan kesehatan terhadap penyakit atau cedera akibat Kecelakaan Kerja atau hubungan kerja yang telah dijamin oleh program jaminan Kecelakaan Kerja atau menjadi tanggungan Pemberi Kerja 4. pelayanan kesehatan yang dijamin oleh program jaminan kecelakaan lalu lintas yang bersifat wajib sampai nilai yang ditanggung oleh program jaminan kecelakaan lalu lintas sesuai hak kelas rawat Peserta 5. pelayanan kesehatan yang dilakukan di luar negeri 6. pelayanan kesehatan untuk tujuan estetik 7. pelayanan untuk mengatasi infertilitas 8. pelayanan meratakan gigi atau ortodonsi 9. gangguan kesehatanpenyakit akibat ketergantungan obat danatau alkohol 10. gangguan kesehatan akibat sengaja menyakiti diri sendiri atau akibat melakukan hobi yangmembahayakan diri sendiri"
Cara Melakukan Perubahan Jenis Kepesertaan Peserta PPU menjadi Peserta PBPU,"1 Pekerja sudah tidak lagi sebagai PPU yang ditunjukkan dengan status peserta dinonaktifkan oleh Badan Usaha. 2 Peserta PPU yang beralih menjadi Peserta PBPU BP pada bulan berjalan sebelum dinonaktifkan, maka pembayaran iuran baru dapat dibayarkan pada tanggal 1 bulan berikutnya dan status kepesertaan sebagai PBPU akan aktif sejak iuran dibayarkan. 3 Dalam hal peralihan dilakukan selambat- lambatnya 1 bulan sejak status PPU dinyatakan non aktif, maka Status Peserta langsung aktif tanpa menunggu 14 hari. Jika melebihi 1 bulan, maka status peserta tidak langsung aktif menunggu 14 hari. 4 Melengkapi persayaratan sebagai berikut a Asli Kartu JKN-KIS b AsliFotocopy Kartu Keluarga c Fotokopi buku rekening tabungan BRI, Mandiri, BNI, BTN, dan BCA dapat menggunakan rekening tabungan Kepala Keluargaanggota keluarga dalam Kartu Keluargapenanggung. d Formulir Autodebit pembayaran iuran BPJS Kesehatan bermaterai Rp10.000,00 Sepuluh Ribu Rupiah"
Cara Melakukan Perubahan Segmen Melalui Aplikasi Mobile JKN?,"1. Lakukan Sign In ke dalam Aplikasi Mobile JKN. 2. klik fitur Ubah Data Peserta 3. Klik Segmen Peserta, lalu akan muncul tampilan Perubahan Segmen Peserta. 4. Pilih Segmen Peserta Tujuan yaitu Pekerja Mandiri PBPU, kemudian klik Selanjutnya. 5. Melakukan Pendaftaran Program Auto debit PerbankanNon Perbankan, kemudian klik Selanjutnya. 6. Memilih Kelas Rawat baru yang BapakIbu inginkan 7. Lakukan persetujuan perubahan segmen peserta menjadi Pekerja MandiriPBPU dengan cara centang pada pernyataan tersebut. 8. Setelah melakukan perubahan data sesuai kebutuhan, BapakIbu klik Simpan lalu masukkan kode verifikasi yang telah dikirimkan ke nomor handphone BapakIbu."
Apa yang dimaksud dengan Pelayanan Kesehatan Tingkat Pertama,Yaitu pelayanan kesehatan perorangan yang bersifat non spesialistik primer meliputi pelayanan rawat jalan dan rawat inap
Apa yang dimaksud fasilitas kesehatan tingkat pertama,"Fasilitas Kesehatan Tingkat Pertama yang selanjutnya disingkat FKTP adalah fasilitas kesehatan yang melakukan pelayanan kesehatan perorangan yang bersifat non spesialistik untuk keperluan observasi, promotif, preventif, diagnosis, perawatan, pengobatan, danatau pelayanan kesehatan lainnya"
Apa Kewajiban Peserta?,"1. Mendaftarkan diri dan anggota keluarganya sebagai peserta JKN-KIS kepada BPJS Kesehatan. 2. Membayar iuran secara rutin setiap bulan sebelum tanggal 10 sepuluh. 3. Memberikan data dirinya dan anggota keluarganya secara lengkap dan benar. 4. Melaporkan perubahan data dirinya dan anggota keluarganya, antara lain perubahan golongan, pangkat atau besaran gaji, pernikahan, perceraian, kematian, kelahiran, pindah alamatdomisili dan pindah fasilitas kesehatan tingkat pertama serta perubahan alamat email dan nomor handphone 5. Menjaga kartu peserta agar tidak rusak, hilang atau dimanfaatkan oleh orang yang tidak berhak. 6. Mentaati semua ketentuan dan tata cara pelayanan kesehatan."
Cara Melakukan Perubahan Alamat,"Peserta melaporkan perubahan alamat ke Kantor BPJS Kesehatan setempat, dengan persyaratan a. Kartu identitas peserta JKN-KIS b. Kartu Tanda Penduduk elektronik dan Kartu Keluarga"
Bagaimana Cara Registrasi Pengguna Aplikasi Mobile JKN?,1. SetelahDowload pilih DAFTAR untuk masuk di halaman registrasi. 2. Pilih menu Pendaftaran Pengguna Mobile 3. Proses Registrasi dengan memasukan data No Kartu BPJS No Handphone Password Lalu Klik Register
Apakah yang dimaksud dengan BPJS Kesehatan,BPJS Kesehatan adalah badan hukum yang dibentuk untuk menyelenggarakan program Jaminan Kesehatan Nasional-Kartu Indonesia Sehat JKN-KIS yang merupakan jaminan berupa perlindungan kesehatan agar peserta memperoleh manfaat pemeliharaan kesehatan dan perlindungan dalam memenuhi kebutuhan dasar kesehatan yang diberikan kepada setiap orang yang telah membayar iuran atau iurannya dibayarkan oleh Pemerintah
Cara mengaktifkan kartu anak PPU yang masih kuliah,Untuk anak 21 tahun yang masih kuliahbelum menikahbelum bekerja dapat dilakukan perpanjangan masa berlaku kepesertaan melalui HRDPIC perusahaansatuan kerja dengan melampirkan surat keterangan sekolahperguruan tinggi semester berjalan
Ketentuan penonaktifan peserta meninggal,".a Peserta PBI Anggota keluarga Pesertayang mewakili melaporkan ke kantor BPJS Kesehatan atau Dinas Sosial setempat, dengan syarat 1. surat keterangan kematian dari desakelurahan 2. Kartu Identitas Peserta JKN-KIS. b. Peserta PPU Bagi PPU Penyelenggara Negara laporan peserta meninggal disampaikan ke Kantor BPJS Kesehatan setempat. Sedangkan bagi PPU Non Penyelenggara Negara laporan peserta meninggal disampaikan ke PIC Badan Usaha. Syarat yang dibutuhkan 1. surat keterangan kematian dari desakelurahan 2. Kartu Identitas Peserta JKN-KIS. c. Peserta PBPUBP Anggota keluarga Pesertayang mewakili melaporkan ke kantor BPJS Kesehatan, dengan syarat 1 Surat keterangan kematian dari Fasilitas KesehatanDesaKelurahan 2 Asli Kartu identitas peserta JKN-KIS. 3 AsliFotokopi Kartu Keluarga 4 Bukti pembayaran iuran"
Apa yang dimaksud fasilitas kesehatan rujukan tingkat lanjutan,"Fasilitas Kesehatan Rujukan Tingkat Lanjutan yang selanjutnya disingkat FKRTL adalah fasilitas kesehatan yang melakukan pelayanan kesehatan perorangan yang bersifat spesialistik atau sub spesialistik yang meliputi rawat jalan tingkat lanjutan, rawat inap tingkat lanjutan dan rawat inap di ruang perawatan khusus"
cara mengaktifkan kartu peserta diatas 90 tahun yang dinonaktifkan,Untuk pengaktifan kembali bagi peserta yang di nonaktifkan karena usia 90 tahun dengan menunjukan a. Kartu JKN KIS Jaminan Kesehatan Nasional - Kartu Indonesia Sehat b. SK pensiun c. KTP d. Kartu Keluarga Pelaporan dapat dilakukan melalui Kantor Cabang atau Pelayanan Whatsapp Administrasi PANDAWA
Bagaimana Pelayanan di luar wilayah domisili,"Sesuai Pepres 82 Tahun 2018 untuk Pelayanan di luar wilayah domisili Peserta datang ke FKTP tempat Peserta terdaftar maupun FKTP lain diluar tempat peserta terdaftar serta menunjukkan kartu identitas peserta JKN-KISKIS Digital dengan status aktif danatau identitas lain yang diperlukan KTP, SIM, KK. Saat BapakIbu sedang berada diluar daerah dengan jarak tempuh yang tidak memungkinkan untuk menuju ke Faskes tingkat 1 terdaftar, maka dapat mengakses pelayanan kesehatan pada faskes tingkat 1 bekerjasama dengan BPJS Kesehatan terdekat maksimal untuk 3x kunjungan dalam waktu paling lama 1 bulan di FKTP yang sama"
Bagaimana tata cara pendaftaran Pekerja Penerima Upah,"a. Data-data yang disiapkan Badan Usaha antara lain Nama Badan Usaha, alamat, kode pos, dan nomor telepon Badan Usaha Alamat e-mail Badan Usaha Informasi badan usaha yang tertera pada perizinan yang dimiliki, misalnya Surat Izin Usaha, Surat Tanda Daftar Perusahaan, Nomor Pokok Wajib Pajak Badan, serta dokumen legal lainnya Informasi identitas Pemilik atau Kontak Person Badan Usaha, antara lain nama lengkap, jabatan, nomor telepon, dan handphone Data jumlah karyawan dan keluarga b. Tahapan pendaftaran Badan Usaha melalui website BPJS Kesehatan Pilih menu Layanan sub menu Pendaftaran Badan Usaha Badan Hukum lainnya Membaca syarat dan ketentuan, menandai persetujuan syarat dan ketentuan tersebut, mengklik tombol pendaftaran. Isi formulir secara lengkap dan benar sesuai data dan informasi yang dimiliki Badan Usaha Badan Hukum Lainnya, serta mengisi alamat email Konfirmasi pendaftaran Badan Usaha Badan Hukum lainnya akan dikirim melalui email Pemohon melakukan aktivasi pendaftaran, maka informasi registrasi telah berhasil dapat dicek melalui email. Pada email masuk terdapat lampiran yang berisi Formulir Registrasi Badan Usaha Badan Hukum lainnya. Pemberi Kerja memberikan tanda tangan, materai dan stempel perusahaan pada formulir tersebut. Pada email masuk juga dikirimkan informasi hak akses berupa link beserta username dan password untuk mengakses aplikasi online yang akan digunakan untuk pendaftaran peserta. Petugas menerbitkannya dalam waktu maksimal 3 jam Setelah Badan Usaha Badan Hukum lainnya telah terdaftar selanjutnya melakukan proses pendaftaran peserta melalui aplikasi tersebut. Badan Usaha baru yang tidak melakukan entry data kepesertaan dalam jangka waktu 3 tiga bulan setelah menerima username dan password harus melakukan pendaftaran Badan Usaha kembali."
Apakah yang dimaksud dengan anggota keluarga yang lain bagi Peserta Pekerta Bukan Penerima Upah,Anggota keluarga yang lain yang tercantum dalam Kartu Keluarga dan didaftarkan menjadi Peserta Pekerja Bukan Penerima Upah atau Bukan Pekerja
Bagaimana jika pada saat registrasi BU tidak menerima link aktivasi di email yang di daftarkan,PIC BU menghubungi kantor BPJS Kesehatan Sesuai dengan wilayah perusahaan terdaftar untuk di kirim ulang link aktivasi kepada badan usaha
Pegurangan anggota keluarga pernikahan/perceraian,"a. Peserta PBI Peserta melaporkan ke Dinas Sosial setempat, dengan menunjukkan surat nikahcerai. b. Peserta PPU Bagi PPU Penyelenggara Negara laporan peserta meninggal disampaikan ke Kantor BPJS Kesehatan setempat. Sedangkan bagi PPU Non Penyelenggara Negara laporan peserta menikahcerai disampaikan ke PIC Badan Usaha, dengan menunjukkan surat nikahcerai. c. Peserta PBPUBP Peserta melaporkan ke kantor BPJS Kesehatan, dengan syarat 1. surat nikahcerai 2. Kartu Keluarga 3. Kartu Identitas Peserta JKN-KIS."
Bagaimana Jika Peserta Menginginkan Kenaikan Kelas Perawatan atau pelayanan rawat jalan eksekutif,"Peserta yang menginginkan pelayanan rawat jalan eksekutif atau rawat inap yang lebih tinggi dari haknya harus membayar selisih biaya setiap episode rawat jalan eksekutif atau rawat inap dengan ketentuan I. Rawat jalan eksekutif paling banyak sebesar Rp. 400.000,00 empat ratus ribu rupiah II. Hak rawat kelas 2 naik ke kelas 1 Selisih tarif INA-CBG pada kelas rawat inap Kelas 1 dengan tarif INA-CBG pada kelas rawat inap kelas 2 III. Hak rawat kelas 1 naik ke kelas di atas kelas 1 Selisih tarif INA-CBG kelas 1 dengan tarif kelas di atas kelas 1 yaitu paling banyak sebesar 75 tujuh puluh lima persen dari tarif INACBG kelas 1 IV. Hak rawat kelas 2 naik ke kelas di atas kelas 1 Selisih tarif INA-CBG antara kelas 1 dengan kelas 2 ditambah paling banyak sebesar 75 tujuh puluh lima persen dari tarif INACBG kelas 1 ketentuan kenaikan kelas perawatan atau pelayanan rawat jalan eksekutif diatas tidak berlaku untuk a. Peserta Penerima Bantuan Iuran Jaminan Kesehatan PBI JK b. Peserta Pekerja Bukan Penerima Upah PBPU kelas 3 c. Peserta Bukan Pekerja kelas 3 d. Peserta yang didaftarkan oleh Pemerintah Daerah atau e. Peserta Pekerja Penerima Upah yang mengalami PHK dan anggota keluarganya."
Bagaimana Jika Lupa Password atau password Salah?,1. Pilih menu lupa password 2. Masukan Nomor Kartu BPJS 3. Masukan Nomor Handphone untuk verifikasi 4. Masukan Password Baru sesuai standar 5. Klik Reset Password
Kanal Layanan BPJS Kesehatan?,"Kanal Layanan merupakan tempatmedia yang dapat digunakan oleh calon peserta atau peserta JKN-KIS dalam melakukan proses administrasi kepesertaan berupa pendaftaran peserta, perubahan data peserta, pembayaran iuran, pemberian informasi dan penanganan pengaduan, yang terdiri dari a. Aplikasi Mobile JKN. b. BPJS Kesehatan Care Center 165 c. Mobile Customer Service MCS. d. Website BPJS Kesehatan e. Mall Pelayanan Publik bekerjasama. f. PANDAWA Pelayanan Administrasi Melalui Whatsapp g. Kantor Cabang dan Kantor KabupatenKota. h. PIPP FKTP I. PIPP FKRTL"
Siapakah yang dimaksud dengan Peserta,"Peserta adalah Semua penduduk Indonesia, termasuk orang asing yang telah bekerja paling singkat 6 enam bulan di Indonesia dan telah membayar iuran"
Cara Melakukan Perubahan Jenis Kepesertaan Peserta PBI JK/PD Pemda menjadi peserta PBPU,"1 Asli Kartu JKN-KIS 2 AsliFotocopy Kartu Keluarga 3 Fotokopi buku rekening tabungan BRI, Mandiri, BNI, BTN, dan BCA dapat menggunakan rekening tabungan Kepala Keluargaanggota keluarga dalam Kartu Keluargapenanggung. 4 Formulir Autodebit pembayaran iuran BPJS Kesehatan bermaterai Rp10.000,00 Sepuluh Ribu Rupiah. 5 Peserta PBI JK aktif yang beralih menjadi peserta PBPU pada bulan berjalan, maka pembayaran iuran dibayarkan pada tanggal 1 satu bulan berikutnya dan status kepesertaan sebagai PBPU akan aktif sejak iuran dibayarkan, apabila iurannya tidak dibayarkan setelah melewati 1 satu bulan, maka diberlakukan proses administrasi menunggu 14 empat belas hari"
Apa yang dimaksud asuransi kesehatan tambahan,Asuransi kesehatan tambahan adalah asuransi kesehatan komersial yang dibeli secara sukarela di luar asuransi kesehatan sosial yang bersifat wajib
Siapa yang dimaksud Pekerja Penerima Upah,"Pekerja Penerima Upah adalah setiap orang yang bekerja pada pemberi kerja dengan menerima gaji atau upah, seperti Pegawai Negeri Sipil, Anggota TNI, Anggota POLRI, Pejabat Negara, Pimpinan dan Anggota Dewan Perwakilan Rakyat Daerah, Pegawai Pemerintah Non Pegawai Negeri, Pegawai Swasta, dan Pekerja lain yang menerima upah"
Syarat Pendaftaran Autodebet,"I. Bank mitra kerjasama BNIBCAMANDIRIBRIBTNBANK JATENGBANK NAGARI selain jenis syariah dan tabunganku dan dapat melalui Kantor BPJS Kesehatan dengan persyaratan sebagaimana terlampir 1. FC Buku Rekening Tabungan 2. FC KK dan FC KTP peserta 3. FC KK dan FC KTP pemilik rekening 4. Materai Rp. 10.000,- 1 lembar 5. Mengisi formulir autodebet yang ditanda tangani pemilik rekening II. Online BankNon Perbankan melalui Aplikasi Mobile JKN, Aplikasi Mitra BPJS Kesehatan dan USSD 1. Aplikasi Mobile JKN BRIMANDIRIBTNBCAFinpayDokuI-SakuVisa Master 2. Aplikasi i-saku 3. Aplikasi Tokopedia 4. Aplikasi Gojek 5. Aplikasi DANA 6. Via USSD 7. Website BPJS Kesehatan MANDIRIBCAVisa Master"
Bagaimana jika pada saat registrasi BU tidak menerima link aktivasi di email yang di daftarkan,PIC BU menghubungi kantor BPJS Kesehatan Sesuai dengan wilayah perusahaan terdaftar untuk di kirim ulang link aktivasi kepada badan usaha
Apa yang dimaksud dengan Pelayanan Kesehatan Rujukan Tingkat Lanjutan,"Yaitu upaya pelayanan kesehatan perorangan yang bersifat spesialistik atau sub spesialistik yang meliputi rawat jalan tingkat lanjutan, rawat inap tingkat lanjutan, dan rawat inap di ruang perawatan khusus"
Pelayanan Kesehatan yang dijamin BPJS Kesehatan yaitu,1. Pelayanan Kesehatan tingkat pertama 2. Pelayanan Kesehatan rujukan tingkat lanjut 3. Pelayanan Ambulan darat atau air
Bagaimana cara mengaktifkan kartu anak Pekerja Penerima Upah (PPU) yang masih kuliah,Untuk anak 21 tahun yang masih kuliahbelum menikahbelum bekerja dapat dilakukan perpanjangan masa berlaku kepesertaan sampai dengan usia anak 25 Tahun melalui HRDPIC perusahaansatuan kerja atau melalui Kanal Pandawa dengan chat ke Nomor Whatsapp 08118165165 atau ke Kantor BPJS Kesehatan terdekat dengan melampirkan 1. Surat keterangan resmi yang dikeluarkan oleh SekolahPerguruan TinggiLembaga Pendidikan Formal yang masa pendidikannya minimal 1 satu tahun atau 2. Bukti pembayaran uang pendidikan yang masih berlaku sampai dengan bulan pengaktifan
Dimana saja tempat pendaftaran Peserta Pekerja Penerima Upah,a. Website BPJS Kesehatan www.bpjs-kesehatan.go.id b. Portal bersama BPJS www.bpjs.go.id c. ONLINE SINGLE SUBMISSION OSS d. Aplikasi Edabu Mobile yang bisa diunduh melalui Google Playstore dan Apps Store e. Kantor CabangKabKota
Cara Melakukan Perubahan Jenis Kepesertaan Peserta PBPU menjadi peserta PPU,"1 Badan Usaha melakukan perubahan jenis kepesertaan pekerja melalui sistem informasi yang telah disediakan oleh BPJS Kesehatan. 2 Perubahan status kepesertaan menjadi Peserta PPU mengikuti mekanisme cut off kepesertaan BPJS Kesehatan dan jumlah anggota keluarga yang ditanggung PPU. 3 Perubahan status kepesertaan jumlah anggota keluarga tertanggung PPU, dalam hal jumlah anggota keluarga tertanggung melebihi hak peserta sebagai peserta PPU, maka anggota keluarga lain tetap terdaftar sebagai Peserta PBPU atau dapat didaftarkan sebagai keluarga tambahan dengan besaran iuran sebesar 1 dari gaji atau upah. 4 Menyerahkan surat keterangan dari sekolahperguruan tinggi bagi anak usia lebih dari 21 tahun s.d 25 tahun yang masih sekolahkuliah."
Bukti Pekerja terkena PHK yang mendapat Jaminan 6 Bulan tanpa membayar iuran,"1. dibuktikan dengan a. bukti diterimanya Pemutusan Hubungan Kerja oleh Pekerja dan tanda terima laporan Pemutusan Hubungan Kerja dari dinas daerah kabupatenkota yang menyelenggarakan urusan pemerintahan di bidang ketenagakerjaan b. perjanjian bersama dan tanda terima laporan Pemutusan Hubungan Kerja dari dinas daerah kabupatenkota yang menyelenggarakan urusan pemerintahan di bidang ketenagakerjaan atau akta bukti pendaftaran perjanjian bersama atau c. petikan atau putusan pengadilan hubungan industrial. 2. Bukti PHK di atas, selanjutnya disampaikan oleh pemberi kerja danatau pekerja kepada BPJS Kesehatan."
Prosedur refund (pengembalian kelebihan pembayaran),I. Pengembalian iuran refund dapat dilakukan dengan alasan sebagai berikut 1. Kelebihan pembayaran iuran oleh peserta atau pemberi kerja 2. Kelebihan pembayaran iuran oleh pemerintah daerah bagi PBPUBP Pemda 3. Peserta meninggal dunia 4. Kepesertaan ganda 5. Salah setor rekening 6. Kesalahan pencatatan oleh Bank atau PPOB 7. Salah setor Virtual Account Pengajuan pengembalian iuran paling lama dilakukan 15 hari sejak tanggal pengajuan pengembalian disampaikan kepada BPJS Kesehatan dan berkas dinyatakan Lengkap. II. Kelengkapan berkas untuk proses penembalian iuran adalah sebagai berikut 1. Surat permohonan pengembalian iuran oleh peserta pemberi kerja keluarga peserta dilengkapi materi 10.000 2. Salinan KTP Pengaju 3. Salinan Kartu Keluarga 4. Bukti Bayar asli 5. Salinan buku tabungan pesertapemberi kerjakeluarga peserta yang masih aktif 6. Salinan Kartu JKNKIS 7. Surat Kuasa apabila permohonan pengembalian kelebihan pembayaran dilakukan oleh keluarga peserta 8. Surat keterangan kematian apabila meninggal 9. Berita acara rekonsiliasi apabila kepesertaan ganda
Apakah yang dimaksud dengan anggota keluarga yang lain bagi Peserta Pekerja Penerima Upah,"Anggota keluarga yang lain meliputi anak ke-4 dan seterusnya, ayah, ibu dan mertua"
Apakah yang dimaksud dengan Iuran Jaminan Kesehatan,"Iuran Jaminan Kesehatan adalah sejumlah uang yang dibayarkan secara teratur oleh Peserta, Pemberi Kerja danatau Pemerintah untuk program Jaminan Kesehatan"
Pelayanan Kesehatan rujukan tingkat lanjut yang dijamin BPJS Kesehatan yaitu,"1. Administrasi Pelayanan 2. Pemeriksaaan, pengobatan dan konsultasi medis dasar 3. Pemeriksaaan, pengobatan dan konsultasi spesialistik 4. Tindakan medis spesialistik, baik bedah maupun nonbedah sesuai indikasi medis 5. Pelayanan obat, alat kesehatan dan bahan medis habis pakai 6. Pelayana penunjang diagnostik lanjutan sesuai dengan indikasi medis 7. Rehabilitasi medis 8. Pelayanan Darah 9. Pemulasaran jenazah peserta yang meninggal di fasilitas kesehatan 10. pelayanan keluarga berencana 11. Pe"
Cara Mendaftar Menjadi Peserta PBNU/BP Non Penyelenggara Negara,"a. Kartu Keluarga b. Buku tabungan Bank yang melayani autodebit BRI, Mandiri, BNI, BTN, BCA, Bank Jateng dan Bank Panin dapat menggunakan rekening tabungan Kepala Keluarga anggota keluarga dalam Kartu Keluarga penanggung. c. Formulir surat kuasa autodebit pembayaran iuran BPJS Kesehatan bermaterai Rp10.000,00 Sepuluh Ribu Rupiah yang ditanda tangani pemilik rekening yang bersangkutan. Surat kuasa wajib ditanda tangani oleh pemilik rekening walaupun calon peserta yang mendaftar bukan pemilik rekening. d. Paspor dan surat izin kerja yang diterbitkan instansi berwenang bagi Warga Negara Asing. Calon peserta dapat melakukan pembayaran iuran pertama dalam waktu paling cepat 14 empat belas hari atau paling lambat 30 tiga puluh hari setelah pendaftaran"
Jenis Alat Bantu Kesehatan yang dijamin?,1. Kacamata 2. Alat bantu dengar hearing aid 3. Protesa alat gerak kaki danatau tangan tiruan 4. Protesa gigigigi palsu 5. Korset Tulang Belakang Corset 6. Penyangga leher collar neckcervical collarneck brace 7. Alat bantu gerak berupa kruk penyangga tubuh
Cara Mendapatkan Pelayanan Ambulan,"Pelayanan Ambulan merupakan pelayanan transportasi pasien rujukan dengan kondisi tertentu antar fasilitas kesehatan untuk menjaga kestabilan kondisi dan keselamatan pasien yang meliputi pelayanan ambulan darat dan ambulan air untuk rujukan pada a. antar fasilitas kesehatan tingkat pertama b. dari fasilitas kesehatan tingkat pertama ke fasilitas kesehatan rujukan tingkat lanjut c. antar fasilitas kesehatan rujukan tingkat lanjutan Adapun prosedur pelayanan ambulan sebagai berikut a. Pasien yang mendapatkan pelayanan ambulan adalah pasien yang memerlukan evakuasi ke fasilitas kesehatan lain sesuai indikasi medis dan ketentuan penjaminan ambulan. b. Pelayanan ambulan dijamin bila rujukan dilakukan pada fasilitas kesehatan yang bekerja sama dengan BPJS Kesehatan atau pada kasus gawat darurat dari fasilitas kesehatan yang tidak bekerja sama ke fasilitas kesehatan yang bekerja sama dengan BPJS Kesehatan. c. Fasilitas kesehatan yang memiliki fasilitas ambulan dapat langsung memberikan pelayanan ambulan bagi pasien. d. Fasilitas kesehatan yang tidak memiliki fasilitas ambulan, maka Fasilitas kesehatan berkoordinasi dengan penyedia ambulan"
Apa yang dimaksud dengan Pelayanan Kesehatan Rujukan Tingkat Lanjutan,"Pelayanan Kesehatan Rujukan Tingkat Lanjutan adalah upaya pelayanan kesehatan perorangan yang bersifat spesialistik atau sub spesialistik yang meliputi rawat jalan tingkat lanjutan, rawat inap tingkat lanjutan, dan rawat inap di ruang perawatan khusus"
Bagaimana jika terdapat ketidaksesuaian tagihan,"Apabila terdapat selisih atau perbedaan iuran, BpkIbu dapat melaporkan kekantor BPJS Kesehatan terdekat, dengan membawa serta diantaranya 1. Peserta meninggal Peserta melengkapi surat keterangan kematian dan wajib membayar tunggakan sampai dengan bulan peserta meninggal. 2. peralihan segmen ke Pekerja Penerima Upah PPU Peserta membawa serta Surat Keputusan pengangkatan sebagai PPU dan kartu keluarga. 3. Data ganda Peserta membawa serta identitas KKKTP dan kartu Indonesia Sehat. 4. Pindah kewarganegaraan Peserta melengkapi dokumen penetapan pindah kewarganegaraan dibuktikan dengan surat penetapan pindah kewarganegaraan dari instansi berwenang. 5. nominal iuran peserta muncul lebih dari satu kali pada satu periode bulan tagihan Peserta membawa serta identitas KKKTP dan kartu Indonesia Sehat. 6. Bayi Baru Lahir Perhitungan tagihan iuran atas bayi baru lahir dihitung sejak bulan bayi dilahirkan dengan tagihan maksimal 24 bulan dengan membawa surat keterangan kelahiran, kartu keluarga, persyaratan autodebet Buku Rekening dan KTP Pemilik Rekening"
Cara Penonaktifan Peserta Keluar Negeri?,1. Peserta JKN Berada Di Luar Negeri Sekurangnya 6 enam Bulan berturut-turut 2. Pelaporan dilakukan melalui Kantor Cabangkanal layanan 3. Peserta membayarkan iuran sampai dengan bulan keberangkatan ke luar negeri Syarat a. salinan visa Peserta danatau anggota keluarga b. data anggota keluarga yang tinggal di luar negeri c. ijin tinggal di luar negeri d. surat tugas belajar e. surat tugas bekerja f. surat pernyataan penghentian pembayaran gaji dari Pemberi Kerja atau g. surat pemberitahuan dari sponsor
Apa yang dimaksud dengan Pelayanan Kesehatan Darurat Medis,"Yaitu pelayanan kesehatan yang harus diberikan secepatnya untuk mencegah kematian, keparahan, danatau kecacatan sesuai dengan kemampuan fasilitas kesehatan"
Apa yang dimaksud dengan Rawat Jalan Tingkat Pertama,"Yaitu pelayanan kesehatan perorangan yang bersifat non spesialistik yang dilaksanakan pada fasilitas kesehatan tingkat pertama untuk keperluan observasi, diagnosis, pengobatan, danatau pelayanan kesehatan lainnya"
Apakah yang dimaksud dengan Kecurangan (Fraud) dalam Pelaksanaan Program Jaminan Kesehatan Nasional,"Kecurangan Fraud adalah tindakan yang dilakukan dengan sengaja, untuk mendapatkan keuntungan finansial dari program Jaminan Kesehatan Nasional dalam Sistem Jaminan Sosial Nasional melalui perbuatan curang yang tidak sesuai dengan ketentuan"
Cara Melakukan Perubahan Jenis Kepesertaan Peserta PBI JK/PD Pemda menjadi peserta PPU,"1 Badan Usaha melakukan perubahan jenis kepesertaan pekerja melalui sistem informasi yang telah disediakan oleh BPJS Kesehatan. 2 Perubahan status kepesertaan menjadi Peserta PPU mengikuti mekanisme cut off kepesertaan BPJS Kesehatan dan jumlah anggota keluarga yang ditanggung PPU. 3 Dalam hal jumlah anggota keluarga tertanggung melebihi hak peserta sebagai peserta PPU, maka anggota keluarga lainnya a Didaftarkan melalui Badan Usaha sebagai keluarga tambahan dengan besaran iuran sebesar 1 dari gaji atau upah Peserta Pekerja Penerima Upah per orang per bulan dengan melengkapi surat kuasa pemotongan gaji b Didaftarkan sebagai Peserta PBPU atau c Tetap menjadi Peserta PBI JKPD Pemda 4 Meyerahkan surat keterangan dari sekolahperguruan tinggi bagi anak usia lebih dari 21 tahun s.d. 25 tahun yang masih sekolahkuliah."
Bagaimana jika saya sudah bekerja namun tidak didaftarkan oleh BU,"Berdasarkan Perpres 82 tahun 2018, setiap Pemberi Kerja wajib mendaftarkan seluruh pekerja dan anggota keluarga. Apabila IbuBapak belum didaftarkan oleh Badan Usaha maka BapakIbu dapat menkonfirmasi ke Kantor BPJS Kesehatan terdekat"
Pelayanan Kesehatan tingkat pertama yang dijamin BPJS Kesehatan yaitu,"1. Administrasi Pelayanan 2. Pelayanan Promotif dan preventif 3. Pemeriksaaan, pengobatan dan konsultasi medis 4. Tindakan medis nonspesialistik 5. Pelayanan obat, alat kesehatan dan bahas medis habis pakai 6. Pemeriksaan penunjang diagnostik labiratorium tingkat pratama 7. Rawat inap tingkat pertama sesuai dengan indikasi medis"
Apa yang dimaksud fasilitas kesehatan,"Fasilitas kesehatan adalah fasilitas pelayanan kesehatan yang digunakan untuk menyelenggarakan upaya pelayanan kesehatan perorangan, baik promotif, preventif, kuratif dan rehabilitative yang diselenggarakan oleh Pemerintah, Pemerintah Daerah, danatau masyarakat"
Ketentuan Pelayanan Gawat Darurat,"Syarat 1. Kriteria gawat darurat, 2. Pelayanan dilakukan di IGD dan 3. Sesuai tatalaksana gawatdarurat Kriteria Gawat Darurat 1. mengancam nyawa, membahayakan diri dan orang lainlingkungan 2. adanya gangguan pada jalan nafas, pernafasan dan sirkulasi 3. adanya penurunan kesadaran 4. adanya gangguan hemodinamik danatau 5. memerlukan tindakan segera"
Cara Melakukan Perubahan Jenis Kepesertaan Peserta PPu Penyelenggara Negara menjadi Bukan Pekerja/Pe,1 AsliFotokopi Surat tanda bukti penerima pensiunKARIP 2 AsliFotokopi Surat Keputusan Janda Duda Anak yatimAnak Piatu atau yatim piatu 3 Surat keterangan dari sekolahperguruan tinggi bagi anak usia lebih dari 21 tahun s.d. 25 tahun yang masih sekolahkuliah
Cara Melakukan Perubahan Jenis Kepesertaan Peserta PPU menjadu PPU,Peserta PPU dialihkan menjadi PPU lainnya berdasarkan surat pengantar pendaftaran dari Pimpinan Perusahaan yang baru. Kondisi tersebut berlaku bagi peserta PPU aktif maupun PPU non aktif karena Badan Usaha lama menunggak iuran. Jenis kepesertaan Peserta PPU berlaku untuk bulan selanjutnya
Cara Mendaftar Menjadi Peserta Bukan Pekerja (BP) Penyelenggara Negara,1 Asli KTP 2 Fotokopi Kartu Keluarga 3 AsliFotokopi surat tanda bukti penerima pensiun atau KARIP 4 AsliFotokopi surat tanda bukti penerima pensiun atau Kartu Tanda Peserta ASABRI 5 AsliFotokopi piagam petikan SK Pengesahan Gelar Kehormatan Veteran RI 6 AsliFotokopi Surat Keputusan JandaDudaAnak YatimAnak Piatu dan atau Anak Yatim Piatu 7 Surat Keterangan dari sekolahPerguruan Tinggi bagi anak berusia lebih dari 21 dua puluh satu tahun sampai dengan 25 dua puluh lima tahun
Apa Kewajiban Pemberu Kerja,"1. Mendaftarkan diri dan pekerjanya sebagai peserta JKN-KIS kepada BPJS Kesehatan. 2. Menghitung dan memungut iuran yang menjadi kewajiban pekerjanya melalui pemotongan gajiupah pekerja. 3. Membayar dan menyetorkan iuran yang menjadi tanggung jawabnya kepada BPJS Kesehatan secara rutin setiap bulan sebelum tanggal 10 sepuluh. 4. Memberikan data mengenai diri, pekerja dan anggota keluarganya secara lengkap dan benar meliputi a. data pekerja berikut anggota keluarganya yang didaftarkan sesuai"
Pelayanan Ambulan yang tidak dijamin,"a. jemput pasien selain dari fasilitas kesehatan rumah, jalan, lokasi lain b. mengantar pasien ke selain fasilitas kesehatan c. rujukan parsial antar jemput pasien atau spesimen dalam rangka mendapatkan pemeriksaan penunjang atau tindakan, yang merupakan rangkaian perawatan pasien di salah satu fasilitas kesehatan d. mengantar jenazah dan e. pasien rujuk balik rawat jalan."
Apa syarat pendaftaran bagi peserta yang tidak didaftarkan oleh BU,"Dokumen Pendaftaran Pekerja yang mendaftarkan diri sebagai PPU Pemberi Kerja secara nyata tidak mendaftarkan Pekerjanya 1. Bukti penerimaan gajiupah bulan terakhir 2. Identitas yang membuktikan sebagai Pekerja yang diterbitkan oleh Pemberi Kerja 3. Surat pernyataan status aktif sebagai Pekerja dari Pemberi Kerja 4. Perjanjian Kerja Dokumen nomor 1 wajib dipenuhi dan dilampirkan oleh pekerja Dokumen nomor 2, 3 dan 4 wajib dipenuhi salah satu dan dilampirkan."
Kriteria Pekerja yang Terkena PHK Namun tidak Mendapat Manfaat Penjamin 6 Bulan,a. Pekerja Meninggal dunia b. Pekerja sudah habis Kontrak c. Pekerja mengundurkan diri d. Pekerja mangkir e. Pekerja Pensiun f. Pekerja mengundurkan diri g. Pekerja dipecat atas kesepakatan Pekerja dan Pemberi Kerja
Apa syarat Pendaftaran Peserta PBPU,"Syarat pendaftaran apabila pendaftaran dilakukan secara perorangan yaitu dengan menunjukkan a. Kartu Keluarga b. Buku tabungan Bank yang melayani autodebit BRI, Mandiri, BNI, BTN, BCA, Bank Jateng dan Bank Panin dapat menggunakan rekening tabungan Kepala Keluarga anggota keluarga dalam Kartu Keluarga penanggung. Jika rekening peserta terdaftar tanpa buku tabungan program dari Bank maka tidak bisa didaftarkan melalui KCCC, silahkan buat rekening baru dengan buu tabungan atau bisa dilanjutkan pedaftaran melalui Mobile JKN dilihat dari nomor rekening c. Formulir surat kuasa autodebit pembayaran iuran BPJS Kesehatan bermaterai Rp10.000,00 Sepuluh Ribu Rupiah yang ditanda tangani pemilik rekening yang bersangkutan. Surat kuasa wajib ditanda tangani oleh pemilik rekening walaupun calon peserta yang mendaftar bukan pemilik rekening. Calon peserta dapat melakukan pembayaran iuran pertama dalam waktu paling cepat 14 empat belas hari atau paling lambat 30 tiga puluh hari setelah pendaftaran"
"Bagaimana tata cara pendaftaran Pekerja Penerima Upah, khususnya non Penyelenggara Negara","Tahapan pendaftaran Badan Usaha melalui website BPJS Kesehatan Portal Bersama BPJS Aplikasi Edabu Mobile Badan Usaha mengakses www.bpjs-kesehatan.go.id, www.bpjs.go.id atau Aplikasi Edabu Mobile yan bisa diunduh melalui Google Playstore Apps Store BPJS Kesehatan mengirim link aktivasi ke email Badan Usaha Setelah Badan Usaha aktivasi kepesertaan, BPJS Kesehatan mengirim nomor Virtual Account, Username, dan Password aplikasi Edabu ke email Badan Usaha Badan Usaha mendaftarkan Pekerja dan anggota keluarga di Aplikasi Edabu Badan Usaha mendapat tagihan iuran setelah melakukan approval pendaftaran di Edabu Status kepesertaan Aktif setelah BU membayar iuran Identitas Peserta berupa KIS Digital bisa diunduh di Aplikasi Mobile Jkn Tahapan pendaftaran Badan Usaha melalui Online Single Submission Badan Usaha mengakses www.oss.go.id lalu klik link aktivasi yang dikirim oleh BPJS Kesehatan ke email Badan Usaha BPJS Kesehatan mengirimkan Virtual Account, User, dan Password Aplikasi Edabu BPJS Kesehata mengirim bukti kepesertaan Badan Usaha ke OSS dan Badan Usaha Badan Usaha mendaftarkan Pekerja dan anggota keluarga di Aplikasi Edabu Tagihan iuran pertama terbit sejak Badan Usaa approval pendaftaran di Aplikasi Edabu Badan Usaha membayar iuran JKN Apabila iuran sudah diterima BPJS Kesehatan, maka Badan Usaa diberikan email informasi kepesertaan Kepesertaan JKN Pekerja dan Anggota keluarga aktif. BPJS Kesehatan mengirimkan status status Badan Usaha ke OSS dan Badan Usaha Identitas Peserta berupa KIS Digital bisa diunduh di Aplikasi Mobile JKN"
Siapa yang dimaksud dengan Pekerja,"Pekerja adalah setiap orang yang bekerja dengan menerima gaji, upah, atau imbalan dalam bentuk lain."
Apa yang dimaksud dengan Alat Kesehatan,"Yaitu instrumen, aparatus, mesin, danatau implan yang tidak mengandung obat yang digunakan untuk mencegah, mendiagnosa, menyembuhkan dan meringankan penyakit, merawat orang sakit serta memulihkan kesehatan pada manusia danatau membentuk struktur dan memperbaiki fungsi tubuh"
Cara Mendapatkan Pelayanan Program Rujuk Balik (PRB),"Pelayanan Program Rujuk Balik adalah pelayanan bagi pasien dengan diagnosa penyakit kronis Diabetes Mellitus, Hipertensi, Jantung, Asma, Penyakit Paru Obstruktif Kronik PPOK, Epilepsy, Schizophrenia, Stroke, dan Systemic Lupus Erythematosus SLE yang telah ditetapkan dalam kondisi terkontrolstabil oleh Dokter SpesialisSub Spesialis sesuai dengan standar profesi terkait dan telah mendapatkan surat rujuk balik SRB dan mendaftarkan diri untuk menjadi peserta PRB. Penjaminan pelayanan bagi peserta PRB adalah pemeriksaan dokter di FKTP dan pemberian obat PRB yang termasuk dalam daftar obat PRB di Formularium Nasional oleh ruang farmasi, instalasi farmasi klinik pratama, atau apotek yang bekerja sama dengan BPJS Kesehatan untuk kebutuhan maksimal 30 tiga puluh hari."
Mekanisme Pelaporan Pekerja Terkena PHK,"a. Bukti PHK sesuai ketentuan, disampaikan oleh pemberi kerja danatau pekerja kepada BPJS Kesehatan. b. Pelaporan pertama kali dilakukan paling lambat tgl 20 setiap bulan berjalan c. BPJS Kesehatan memberikan persetujuan tertulis atas pelaporan PHK untuk kemudian diberikan manfaat penjaminan tanpa bayar iuran paling lama 6 bulan"
Bagaimana Cara Mendownload Aplikasi Mobile JKN?,Cara Mendownload Aplikasi Mobile JKN yaitu Buka Google Play Store atau App Store lalu instal download aplikasi Mobile JKN Pastikan aplikasi didownload dari pengembang BPJS Kesehatan
Siapa yang dimaksud Pemberi Kerja,"Pemberi Kerja adalah orang perseorangan, pengusaha, badan hukum atau badan lainnya yang mempekerjakan tenaga kerja, atau penyelenggara negara yang mempekerjakan pegawai negeri dengan membayar gaji, upah, atau imbalan dalam bentuk lainnya"
Apa yang dimaksud dengan Badan Usaha,"Badan usaha adalah setiap bentuk usaha yang menjalankan usaha yang bersifat tetap dan terus menerus, didirikan, bekerja dan berkedudukan dalam wilayah Negara Kesatuan Republik Indonesia untuk tujuan memperoleh keuntungan dan atau laba, termasuk di dalamnya badan hukum lainnya"
Apa yang dimaksud dengan Formularium Nasional,"Yaitu daftar obat yang disusun oleh komite nasional yang ditetapkan oleh Menteri Kesehatan, didasarkan pada bukti ilmiah mutakhir berkhasiat, aman, dan dengan harga terjangkau yang disediakan serta digunakan sebagai acuan penggunaan obat dalam Jaminan Kesehatan Nasional"
Apa saja Persyaratan dalam mendaftarkan Badan Usaha ke dalam Program JKN,"Data-data yang disiapkan Badan Usaha antara lain Nama Badan Usaha, alamat, kode pos, dan nomor telepon Badan Usaha Alamat e-mail Badan Usaha Informasi badan usaha yang tertera pada perizinan yang dimiliki, misalnya Surat Izin Usaha, Surat Tanda Daftar Perusahaan, Nomor Pokok Wajib Pajak Badan, serta dokumen legal lainnya Informasi identitas Pemilik atau Kontak Person Badan Usaha, antara lain nama lengkap, jabatan, nomor telepon, dan handphone Data jumlah karyawan dan keluarga"
Siapa yang menanggung denda layanan bagi peserta PPU?,"Bagi Peserta PPU, pembayaran denda layanan ditanggung oleh Pemberi Kerja."
Cara Mendaftar Menjadi Peserta PPU Penyelenggara Negara,"Pendaftaran dilakukan secara kolektif oleh PIC satuan kerja satker dan dapat juga dilakukan secara perorangan. 1. Syarat pendaftaran apabila pendaftaran dilakukan secara perorangan yaitu dengan menunjukkan a. Kartu Keluarga b. SK Penetapan pertama. c. SK Kepangkatanpengangkatan terakhir dari KementerianLembagaKepala Dinas jika ada perubahan d. Daftar gaji yang mencantumkan gaji pokok dan tunjangan dan dilegalisasi oleh pimpinan unit kerja. e. Penetapan Pengadilan Negeri untuk anak angkat jika belum tercantum dalam Kartu Keluarga. f. Asli Surat keterangan dari sekolah Perguruan Tinggi bagi anak usia di atas 21 tahun s.d. 25 tahun yang berlaku 1 satu tahun. 2. Pendaftaran secara kolektif dilakukan melalui registrasi entitas satuan kerja oleh masing-masing PIC satuan kerja. Kemudian, pendaftaran pekerja dan anggota keluarganya dilakukan melalui proses migrasi dengan mengisi FDIPE Formulir Daftar Isian Peserta Elektronik. Khusus untuk kepesertaan dari Kepala Desa dan Perangkat Desa proses pendaftaran dan perubahan data dilakukan secara kolektif oleh penanggung jawab Pemerintah Daerah melalui sistem informasi yang telah disediakan oleh BPJS Kesehatan"
Bagaimana cara Pendaftaran PPU PN (PNS),"Peserta bisa mengajukan pendaftaran baru melalui chat pandawa dengan melampirkan syarat, yaitu 1. Asli KTP dan KK 2. SK PNS 3. Slip Daftar Gaji atau PembuatanPencetakan Daftar Gaji NCR"
Bagaimana Ketentuan Mengenai Penjaminan 6 Bulan Bagi Pekerja yang terkena PHK,"a. Peserta PPU yang mengalami PHK dan membutuhkan pelayanan rawat inap diberikan manfaat pelayanan kelas rawat inap standar atau di ruang perawatan kelas 3 untuk rumah sakit yang belum menerapkan KRIS. b. Peserta tidak dapat meningkatkan perawatan yang lebih tinggi dari haknya termasuk rawat jalan. c. Jika perselisihan PHK masih dalam proses penyelesaian, Pemberi Kerja dan Pekerja tetap melaksanakan kewajiban iuran sampai dengan adanya putusan PHK yang inkracht. d. Manfaat penjaminan diberikan setelah kelengkapan dokumen dipenuhi, dan TMT Penjaminan diberikan tanggal 1 satu bulan berikutnya. e. Peserta PPU yang mengalami PHK yang telah bekerja kembali wajib memperpanjang atau melanjutkan status kepesertaanya dengan didaftarkan oleh Pemberi Kerja atau dengan mendaftarkan diri sendiri. f. Dalam hal Peserta PPU yang mengalami PHK tidak bekerja kembali dan tidak mampu, Peserta melaporkan dirinya dan anggota keluarganya ke dinas sosial untuk didaftarkan sebagai Peserta PBI Jaminan Kesehatan. g. Peserta PHK wajib melaporkan pengaktifan kembali status kepesertaan sebagai Peserta PHK melalui Kantor Cabang setiap bulan sampai dengan Peserta kembali bekerja atau paling lama 6 bulan sejak terjadinya PHK."
Ketentuan Pelayanan Korset Tulang Belakang/ Corset?,"1. Pelayanan Korset Tulang Belakang Corset merupakan bagian dari pemeriksaan dan penanganan yang diberikan pada FKRTL yang bekerja sama dengan BPJS Kesehatan 2. Korset Tulang Belakang Corset dapat diberikan maksimal 1 kali dalam 2 dua tahun atas indikasi medis dengan besaran maksimal Rp. 350.000,00 3. Apabila sebelum 2 tahun diperlukan penggantian Korset Tulang Belakang Corset oleh sebab apapun maka BPJS Kesehatan tidak menjamin 4. Peserta mendapatkan pelayanan medis danatau tindakan medis di FKRTL yang bekerja sama dengan BPJS Kesehatan sesuai dengan prosedur pelayanan 5. Peserta mengurus keabsahan administrasi Korset Tulang Belakang di FKRTL dengan membawa lembar salinan SEP dan resep Korset Tulang Belakang 6. Peserta mengambil Korset Tulang Belakang pada Faskes atau Apotek yang bekerjasama dengan BPJS Kesehatan dengan menyerahkan lembar salinan SEP, resep Korset Tulang Belakang dan bukti keabsahan administrasi. 7. Petugas Faskes atau Apotek melakukan verifikasi resep dan bukti pendukung lain, kemudian menyerahkan Korset Tulang Belakang kepada Peserta. 8. Peserta menandatangani bukti pelayanan"
Apa syarat pendaftaran Usaha Mikro Kecil,Syarat Pendaftaran antara lain NIBSurat Izin Usaha Mikro KecilSurat Izin lainnya sesuai kebijakan Pemerintah Setempat dan NPWP Badan Perorangan
Dokumen Pendukung yang Dibutuhkan Dalam Mengajukan Penjaminan 6 Bulan Bagi Pekerja yang terkena PHK,"1. Dokumen data Peserta dan anggota keluarga PHK berupa nama, NIK, tanggal lahir, nomor identitas Peserta JKN, Alamat, No HP Email 2. Dokumen pembuktian PHK, meliputi a. bukti diterimanya Pemutusan Hubungan Kerja oleh Pekerja dan tanda terima laporan Pemutusan Hubungan Kerja dari dinas daerah kabupatenkota yang menyelenggarakan urusan pemerintahan di bidang ketenagakerjaan b. perjanjian bersama dan tanda terima laporan Pemutusan Hubungan Kerja dari dinas daerah kabupatenkota yang menyelenggarakan urusan pemerintahan di bidang ketenagakerjaan atau akta bukti pendaftaran perjanjian bersama atau c. petikan atau putusan pengadilan hubungan industrial"
Ketentuan Pelayanan Alat Bantu Dengar (Hearing Aid),"1. Pelayanan alat bantu dengar hearing aid diberikan atas rekomendasi dari dokter spesialis THT serta merupakan bagian dari pemeriksaan dan penanganan yang diberikan pada FKRTL yang bekerja sama dengan BPJS Kesehatan. 2. Alat bantu dengar dapat diberikan maksimal sekali dalam 5 lima tahun atas indikasi medis dengan besaran maksimal Rp. 1.000.000,- per peserta tanpa membedakan satudua telinga. 3. Apabila sebelum 5 tahun diperlukan penggantian alat bantu dengar hearing aid oleh sebab apapun perubahan ukuran, hilang, rusak dan sebab lain maka BPJS Kesehatan tidak menjamin 4. Peserta mendapatkan pelayanan medis danatau tindakan medis di FKRTL yang bekerja sama dengan BPJS Kesehatan sesuai dengan prosedur pelayanan RJTL 5. Peserta mengurus keabsahan administrasi alat bantu dengar hearing aid di FKRTL dengan membawa lembar salinan SEP RJTL dan resep alat bantu dengar hearing aid 6. Peserta mengambil alat bantu dengar hearing aid pada Faskes atau Optik yang bekerjasama dengan BPJS Kesehatan dengan menyerahkan lembar salinan SEP RJTL, resep alat bantu dengar hearing aid dan bukti keabsahan administrasi. 7. Petugas FKRTL atau Optik melakukan verifikasi resep dan bukti pendukung lain, kemudian menyerahkan alat bantu dengar hearing aid kepada Peserta"
Apa syarat pendaftaran CV,Syarat Pendaftaran antara lain NIB Surat Izin dan NPWP Badan Perorangan
Apakah Jam operasional layanan peserta di Kantor Cabang BPJS Kesehatan berbeda selama bulan Ramadan 1445H?,Jam operasional layanan peserta di Kantor Cabang selama bulan Ramadan dilaksanakan pada pukul 08.00-13.30 waktu setempat.
Apa syarat pendaftaran Peserta Pensiun PNS Pusat/Daerah,"Pendaftaran dapat dilakukan secara perorangan maupun kolektif dengan cara mengisi Formulir Daftar Isian Peserta FDIP beserta persyaratannya, yaitu 1. Asli KTP 2. Fotocopi KK 3. AsliFotokopi surat tanda bukti penerima pensiun atau KARIP 4. Aslifotokopi surat tanda bukti penerima pensiun atau Kartu Tanda Peserta ASABRI 5. AsliFotokopi Surat keputusan JandaDudaAnak YatimAnak Piatu dan atau Anak Yatim Piatu 6. Surat Keterangan dari SekolahPerguruan tinggi bagi anak berusia lebih dari 21 dua puluh satu tahun sampai dengan 25 dua puluh lima tahun"
Bagaimana cara mendaftarkan peserta PPU melalui E Dabu,1 Langkah 1 pencarian calon peserta a. Pilih menu peserta input data b. Pilih kategori pencarian berdasarkan NIK c. Input NIK pada text field masukkan NIK d. Tekan tombol selanjutnya 2 Langkah 2 pemilihan mutase tambah a. Pastikan nama calon peserta dan nik benar b. Pastikan No JKN KIS bernilai null dan kolom Terdaftar di bernilai belum terdaftar c. Pilih mutase Tambahkan Sebagai Pekerja d. Tekan tombol panah biru 3 Langkah 3 Review dan lengkapi data pribadi calon peserta Lakukan r
Bagaimana cara Pendaftaran peserta TNI/POLRI,"Peserta bisa mengajukan pendaftaran baru melalui chat pandawa dengan melampirkan syarat, yaitu 1. Asli KTP dan KK 2. SK Pengangkatan prajurit 3. Slip Daftar Gaji"
Bagaimana menentukan Fasilitas Kesehatan Tingkat Pertama (FKTP) bagi Peserta pertama kali ?,"1. Peserta berhak menentukan FKTP yang diinginkan saat mendaftar pada BPJS Kesehatan. 2. Dalam hal Peserta didaftarkan oleh pihak lain atas nama peserta, maka penentuan FKTP untuk pertama kali dapat dilakukan oleh pihak lain atas nama peserta. 3. Bagi Peserta PBI, penentuan FKTP untuk pertama kali dapat dilakukan oleh BPJS Kesehatan sesuai domisili Peserta terdaftar. 4. Penentuan FKTP untuk pertama kali oleh BPJS Kesehatan sebagaimana dimaksud pada ayat 2 harus diinformasikan kepada Peserta."
Bagaimana cara pendaftaran PPNPN,Pendaftaran bisa dikonfirmasikan ke Satuan Kerja Pemda masing-masing 1. PIC Satuan Kerja menyampaikan formulir registrasi entitas Satuan Kerja yang disahkan oleh Pejabat yang berwenang dan dokumen pendukung 2. Pendaftaran secara kolektif dilakukan dengan pengisian Formulir Pendaftaran Pengisian Excel Format Migrasi 3. Melampirkan bukti setor iuran jaminan kesehatan dengan daftar rincian pekerja dan anggota keluarganya 4. Pendaftaran anak berusia lebih dari 21 tahun s.d 25 tahun dilengkapi dengan surat keterangan sekolah kuliah
Bagaimana keikutsertaan Penduduk Indonesia dalam Program JKN?,"Setiap penduduk Indonesia wajib ikut serta dalam Program Jaminan Kesehatan dengan cara mendaftar atau didaftarkan pada BPJS Kesehatan, sebagai Peserta."
Ketentuan Pelayanan Alat Bantu Gerak berupa Kruk penyangga tubuh?,"1. Pelayanan Alat bantu gerak berupa kruk penyangga tubuh merupakan bagian dari pemeriksaan dan penanganan yang diberikan pada FKRTL yang bekerja sama dengan BPJS Kesehatan 2. Alat bantu gerak berupa kruk penyangga tubuh dapat diberikan paling cepat 5 lima tahun sekali atas indikasi medis dengan besaran maksimal Rp. 350.000,- per peserta 3. Apabila sebelum 5 tahun diperlukan penggantian kruk oleh sebab apapun maka BPJS Kesehatan tidak menjamin 4. Peserta mendapatkan pelayanan medis danatau tindakan medis di FKRTL yang bekerja sama dengan BPJS Kesehatan sesuai dengan prosedur pelayanan. 5. Peserta mengurus keabsahan administrasi kruk di FKRTL dengan membawa lembar salinan SEP dan resep kruk. 6. Peserta mengambil kruk pada Faskes atau Apotek yang bekerjasama dengan BPJS Kesehatan dengan menyerahkan lembar salinan SEP, resep kruk dan bukti keabsahan administrasi. 7. Petugas Faskes atau Apotek melakukan verifikasi resep dan bukti pendukung lain, kemudian menyerahkan kruk. 8. Peserta menandatangani bukti pelayanan"
Apa syarat pendaftaran LSM,Syarat Pendaftaran antara lain Akta Yayasan dan NPWP Badan
Apa syarat pendaftaran PT / Perseroan Terbatas,Syarat Pendaftaran antara lain NIBSurat Izin UsahaTanda Daftar Perusahaan dan NPWP Badan
Ketentuan Pelayanan Protesa Alat Gerak,"1. Pelayanan Protesa alat gerak kaki danatau tangan tiruan merupakan bagian dari pemeriksaan dan penanganan yang diberikan pada FKRTL yang bekerja sama dengan BPJS Kesehatan 2. Protesa alat gerak dapat diberikan satu kali per peserta dalam kurun waktu 5 lima tahun atas indikasi dengan besaran maksimal Rp. 2.500.000,00 3. Apabila sebelum 5 tahun diperlukan penggantian protesa alat gerak oleh sebab apapun maka BPJS Kesehatan tidak menjamin 4. Peserta mendapatkan pelayanan medis danatau tindakan medis di FKRTL yang bekerja sama dengan BPJS Kesehatan sesuai dengan prosedur pelayanan 5. Peserta mengurus keabsahan administrasi dengan membawa lembar salinan SEP dan resep protesa alat gerak kaki danatau tangan tiruan 6. Peserta mengambil protesa alat gerak pada Faskes atau Apotek yang bekerjasama dengan BPJS Kesehatan dengan menyerahkan lembar salinan SEP, resep protesa alat gerak kaki danatau tangan tiruan dan bukti keabsahan administrasi. 7. Petugas Faskes atau Apotek melakukan verifikasi resep dan bukti pendukung lain, kemudian menyerahkan protesa alat gerak kaki danatau tangan tiruan kepada Peserta. 8. Peserta menandatangani bukti pelayanan"
Ketentuan Pelayanan Penyangga Leher (Collar Neck/ Cervical Collar/ Neck Brace),"1. Pelayanan Penyangga leher collar neckcervical collarneck brace merupakan bagian dari pemeriksaan dan penanganan yang diberikan pada FKRTL yang bekerja sama dengan BPJS Kesehatan 2. Penyangga leher collar neckcervical collarneck brace dapat diberikan maksimal 1 kali dalam 2 dua tahun atas indikasi medis dengan besaran maksimal Rp. 150.000,- 3. Apabila sebelum 2 tahun diperlukan penggantian collar neck oleh sebab apapun maka BPJS Kesehatan tidak menjamin. 4. Peserta mendapatkan pelayanan medis danatau tindakan medis di FKRTL yang bekerja sama dengan BPJS Kesehatan sesuai dengan prosedur pelayanan. 5. Peserta mengurus keabsahan administrasi Penyangga leher collar neckcervical collarneck brace di FKRTL dengan membawa lembar salinan SEP dan resep Penyangga leher collar neckcervical collarneck brace. 6. Peserta mengambil Penyangga leher collar neckcervical collarneck brace pada Faskes atau Apotek yang bekerjasama dengan BPJS Kesehatan dengan menyerahkan lembar salinan SEP, resep Penyangga leher collar neckcervical collarneck brace dan bukti keabsahan administrasi 7. Petugas Faskes atau Apotek melakukan verifikasi resep dan bukti pendukung lain, kemudian menyerahkan Penyangga leher collar neckcervical collarneck brace. 8. Peserta menandatangani bukti pelayanan"
Apa syarat pendaftaran Rumah Ibadah Asosiasi/ organisasi,Syarat Pendaftaran antara lain Akta Pendirian tanpa NPWP
Apa syarat pendaftaran Yayasan,Syarat Pendaftaran antara lain Akta yayasan dan NPWP Badan
Apa syarat pendaftaran Peserta Pensiun TNI,"Pendaftaran dapat dilakukan secara perorangan maupun kolektif dengan cara mengisi Formulir Daftar Isian Peserta FDIP beserta persyaratannya, yaitu 1. Asli KTP 2. Fotocopi KK 3. AsliFotokopi surat tanda bukti penerima pensiun atau KARIP 4. Aslifotokopi surat tanda bukti penerima pensiun atau Kartu Tanda Peserta ASABRI 5. AsliFotokopi Surat keputusan JandaDudaAnak YatimAnak Piatu dan atau Anak Yatim Piatu 6. Surat Keterangan dari SekolahPerguruan tinggi bagi anak berusia lebih dari 21 dua puluh satu tahun sampai dengan 25 dua puluh lima tahun."
Apa syarat pendaftaran Peserta Pejabat Negara,"Pendaftaran dapat dilakukan secara perorangan maupun kolektif dengan cara mengisi Formulir Daftar Isian Peserta FDIP beserta persyaratannya, yaitu 1. Asli KTP 2. Fotocopi KK 3. AsliFotokopi surat tanda bukti penerima pensiun atau KARIP 4. Aslifotokopi surat tanda bukti penerima pensiun atau Kartu Tanda Peserta ASABRI 5. AsliFotokopi Surat keputusan JandaDudaAnak YatimAnak Piatu dan atau Anak Yatim Piatu 6. Surat Keterangan dari SekolahPerguruan tinggi bagi anak berusia lebih dari 21 dua puluh satu tahun sampai dengan 25 dua puluh lima tahun"
Apa syarat pendaftaran Veteran,"Pendaftaran dapat dilakukan secara perorangan maupun kolektif dengan cara mengisi Formulir Daftar Isian Peserta FDIP beserta persyaratannya, yaitu 1. Asli KTP 2. Fotocopi KK 3. AsliFotokopi surat tanda bukti penerima pensiun atau KARIP 4. Aslifotokopi piagam petikan SK Pengesahan Gelar Kehormatan Veteran 5. AsliFotokopi Surat keputusan JandaDudaAnak YatimAnak Piatu dan atau Anak Yatim Piatu 6. Surat Keterangan dari SekolahPerguruan tinggi bagi anak berusia lebih dari 21 dua puluh satu tahun sampai dengan 25 dua puluh lima tahun."
Apa syarat pendaftaran Perusahaan Asing,Syarat Pendaftaran antara lain NIBMOUPKS dengan Pemerintah dan NPWP Badan
Apa syarat pendaftaran LSM Asing,Syarat Pendaftaran antara lain NIBMOUPKS dengan Pemerintah dan NPWP Badan
Apa syarat pendaftaran Peserta Pensiun Polri,"Pendaftaran dapat dilakukan secara perorangan maupun kolektif dengan cara mengisi Formulir Daftar Isian Peserta FDIP beserta persyaratannya, yaitu 1. Asli KTP 2. Fotocopi KK 3. AsliFotokopi surat tanda bukti penerima pensiun atau KARIP 4. Aslifotokopi surat tanda bukti penerima pensiun atau Kartu Tanda Peserta ASABRI 5. AsliFotokopi Surat keputusan JandaDudaAnak YatimAnak Piatu dan atau Anak Yatim Piatu 6. Surat Keterangan dari SekolahPerguruan tinggi bagi anak berusia lebih dari 21 dua puluh satu tahun sampai dengan 25 dua puluh lima tahun."
Apa syarat pendaftaran Perintis Kemerdekaan,"Pendaftaran dapat dilakukan secara perorangan maupun kolektif dengan cara mengisi Formulir Daftar Isian Peserta FDIP beserta persyaratannya, yaitu 1. Asli KTP 2. Fotocopi KK 3. AsliFotokopi surat tanda bukti penerima pensiun atau KARIP 4. Aslifotokopi piagam petikan SK Pengesahan Gelar Kehormatan Veteran 5. AsliFotokopi Surat keputusan JandaDudaAnak YatimAnak Piatu dan atau Anak Yatim Piatu 6. Surat Keterangan dari SekolahPerguruan tinggi bagi anak berusia lebih dari 21 dua puluh satu tahun sampai dengan 25 dua puluh lima tahun."
Apa syarat pendaftaran Firma,Syarat Pendaftaran antara lain NIBSurat izin dan NPWP Badan Perorangan